{"cameraMode":{"drawMode":2,"name":"Shaded Wireframe","section":"Shading Mode"},"sceneLighting":false,"audioPlay":false,"sceneViewState":{"showFog":false,"showMaterialUpdate":false,"showSkybox":false,"showFlares":false,"showImageEffects":false,"showParticleSystems":false},"in2DMode":false,"pivot":{"x":0.7600762844085693,"y":0.8093205690383911,"z":-1.3296440839767457},"rotation":{"x":0.15746721625328065,"y":-0.7584217190742493,"z":0.198924720287323,"w":0.6003578305244446},"size":4.65016508102417,"orthographic":false}