{"cameraMode":{"drawMode":0,"name":"Shaded","section":"Shading Mode"},"sceneLighting":false,"audioPlay":false,"sceneViewState":{"showFog":false,"showMaterialUpdate":false,"showSkybox":false,"showFlares":false,"showImageEffects":false,"showParticleSystems":false},"in2DMode":false,"pivot":{"x":-5.800000190734863,"y":2.0999999046325685,"z":9.600000381469727},"rotation":{"x":0.2949702739715576,"y":-0.09297193586826325,"z":0.02885107882320881,"w":0.9505348801612854},"size":11.547019004821778,"orthographic":false}