{"cameraMode":{"drawMode":2,"name":"Shaded Wireframe","section":"Shading Mode"},"sceneLighting":false,"audioPlay":false,"sceneViewState":{"showFog":false,"showMaterialUpdate":false,"showSkybox":false,"showFlares":false,"showImageEffects":false,"showParticleSystems":false},"in2DMode":false,"pivot":{"x":62.31999969482422,"y":72.97000122070313,"z":22.43372917175293},"rotation":{"x":0.16367866098880769,"y":0.40516331791877749,"z":-0.07397722452878952,"w":0.8964259028434753},"size":10.286788940429688,"orthographic":false}